"Face","Mean_Theta_Drug","Mean_Theta_NoDrug"
"V1",-2.33314430945998,-1.64904964039263
"V2",-2.49586505194042,-1.33056127364667
"V3",-2.27724346575412,-1.24770281208357
"V4",-1.90134583150276,-1.23712275701223
"V5",-2.39159965380991,-0.982085693042862
"V6",-2.40828680101374,-0.753832114168782
"V7",-2.28171396984496,-0.741183795645564
"V8",-2.11978691589203,-0.698259718924091
"V9",-2.03098055131406,-1.05840326930572
"V10",-2.29443910545156,-0.891536878697415
"V11",-2.07767802359194,-0.880961750972682
"V12",-2.08121810662688,-0.695169606837012
"V13",-1.91360883567424,-1.14594217340756
"V14",-2.01577675511802,-0.792333568154729
"V15",-2.00387006475198,-1.01142587512795
"V16",-1.91282508077086,-1.12634062714356
"V17",-2.48935708425652,-0.680353333294525
"V18",-2.47674869001038,-0.670864081009577
"V19",-2.45208594134228,-0.59053306827137
"V20",-2.2892780075567,-0.522054264530865
"V21",-2.43956957789359,-0.617770583268546
"V22",-2.50929764737813,-0.61761289874133
"V23",-2.45513965262415,-0.542570348671131
"V24",-2.39327311147259,-0.494180106980837
"V25",-2.33051558186903,-0.416072582918587
"V26",-2.43511780836589,-0.565903111217884
"V27",-2.33723966111284,-0.518816308125626
"V28",-2.35580501404226,-0.421761174712865
"V29",-2.24269780049385,-0.447645464730066
"V30",-2.28402167686622,-0.423642534241836
"V31",-2.26537942314926,-0.346150882357435
"V32",-2.20203179602174,-0.407569835491225
"V33",-1.97890342848274,-1.118674901935
"V34",-2.06450488489039,-0.708924877526837
"V35",-1.97685278857221,-0.803025901432794
"V36",-2.06218523659381,-0.747014336095013
"V37",-2.13914620670051,-0.574087177600087
"V38",-2.38467446986006,-0.598074996295667
"V39",-2.24814198413022,-0.579064074312046
"V40",-2.26619435868541,-0.483439127604524
"V41",-2.12581596451901,-0.710919536590822
"V42",-2.03271947036326,-0.682559565138163
"V43",-2.15217557672862,-0.569738709874968
"V44",-2.1762414766549,-0.550150400945671
"V45",-2.15772532262723,-0.558488394252464
"V46",-2.22125182313969,-0.406488035427219
"V47",-2.16148359956844,-0.527492778268362
"V48",-2.18080327631863,-0.384247407404443
"V49",-1.90299757633583,-1.16367103615138
"V50",-2.04575626779602,-0.983507846397301
"V51",-1.99157763028465,-1.14972524882837
"V52",-1.90297966254456,-1.33375349208681
"V53",-2.10503613072786,-0.736452756354412
"V54",-2.16782244222089,-0.544758242116246
"V55",-2.1509271466835,-0.566674086266196
"V56",-2.12627315424111,-0.73207037362607
"V57",-1.95047627379521,-1.30385693058647
"V58",-2.07446006165598,-0.824548445539809
"V59",-1.99758661716461,-1.05712505902373
"V60",-2.0311811636692,-0.871106393636705
"V61",-1.8556628707304,-1.37116852989439
"V62",-1.95824787224778,-1.06997155710209
"V63",-1.888528418383,-1.25426998871402
"V64",-1.77463038613645,-1.30785503846002
"V65",-2.55537793711306,-0.60617858431467
"V66",-2.39148816621165,-0.606373862308746
"V67",-2.30406510702905,-0.585543688696653
"V68",-2.3184893929384,-0.515077040672508
"V69",-2.28384920434406,-0.625656237642498
"V70",-2.12449043622832,-0.644680993514797
"V71",-2.20905337866064,-0.648482784966391
"V72",-2.16809462896617,-0.566759282020476
"V73",-2.19922483249238,-0.522484333248054
"V74",-2.22424569595462,-0.608641431463282
"V75",-2.18457620348688,-0.536914059513631
"V76",-2.12744058166982,-0.564155169581275
"V77",-2.25131335541188,-0.474135308946177
"V78",-2.14183222324557,-0.493084989640231
"V79",-2.14121064200003,-0.484978211570675
"V80",-2.16662696390363,-0.417705748129654
"V81",-1.92351934225004,-0.671051910454066
"V82",-1.62900862215275,-0.666304503611422
"V83",-1.75342196936118,-0.682048243167135
"V84",-1.7894018453379,-0.627624068581119
"V85",-1.44299757533053,-0.657163965514215
"V86",-1.27837091962154,-0.628785204859315
"V87",-1.31050559619723,-0.627088596335353
"V88",-1.30412506564681,-0.599491173783046
"V89",-1.64148618025203,-0.619850124758698
"V90",-1.51700348149719,-0.65422746216179
"V91",-1.50531114744331,-0.630612556068218
"V92",-1.35105432350193,-0.59996441967861
"V93",-1.61343200478416,-0.588186636190137
"V94",-1.3606521831085,-0.575430483968543
"V95",-1.4021635175358,-0.564556992774612
"V96",-1.39948541570596,-0.519665159203263
"V97",-2.08147660076663,-0.434370767967432
"V98",-2.08350348819699,-0.525537355812141
"V99",-2.09720808169708,-0.469754617919077
"V100",-2.02123536819406,-0.478297828220352
"V101",-2.08965809461633,-0.5984314630344
"V102",-2.02899632191717,-0.68267467628242
"V103",-2.03396236449252,-0.613666030270764
"V104",-1.89285496222399,-0.635104160582389
"V105",-1.91747742388804,-0.507054101512981
"V106",-2.08969876899729,-0.545208982938897
"V107",-1.98097645028377,-0.552116947156097
"V108",-1.86765509769159,-0.568473797335783
"V109",-1.73979067362893,-0.512438590350612
"V110",-1.70069733155593,-0.571433890679901
"V111",-1.63756868580671,-0.542086475200302
"V112",-1.47797120392276,-0.506967166876441
"V113",-2.08031224737377,-0.38846145076721
"V114",-2.04500932516225,-0.43546644755803
"V115",-2.11790733833276,-0.406769269381474
"V116",-2.08668218761055,-0.350515692334946
"V117",-1.66689232982562,-0.466772465557823
"V118",-1.31360855196073,-0.470352238158903
"V119",-1.52310612032782,-0.433792788226087
"V120",-1.40499005336442,-0.379804328715972
"V121",-1.98907940356133,-0.328472858680273
"V122",-1.93534879827299,-0.42769823498779
"V123",-1.72836630961714,-0.383461762680856
"V124",-1.60053084484296,-0.346146271608191
"V125",-1.8533903086046,-0.301646104050067
"V126",-1.50018985787635,-0.309924288990289
"V127",-1.81281204813763,-0.263953122923492
"V128",-1.80342503402146,-0.218391909933959
"V129",-1.78118657799761,-1.22090896428358
"V130",-1.94439979622608,-0.921149102519943
"V131",-1.852906045616,-1.09052581117077
"V132",-1.84833801633517,-1.0082411571957
"V133",-2.08924490548053,-0.62184296022773
"V134",-2.18428750150135,-0.433769113885076
"V135",-2.17920108619299,-0.589858801028531
"V136",-2.13757344520414,-0.434880361104457
"V137",-1.88782571379032,-0.869291660541819
"V138",-2.05813487080413,-0.798502116261571
"V139",-1.97736120107357,-0.679908821143355
"V140",-2.05525521512124,-0.607282447792679
"V141",-1.86470811919739,-0.753404169539188
"V142",-1.99425769087599,-0.46455005011825
"V143",-1.96275232560303,-0.644408593557669
"V144",-1.9151935741631,-0.533443037587563
"V145",-2.21987970805097,-0.29058276095969
"V146",-2.27103569578016,-0.352850053939854
"V147",-2.2576007078547,-0.32882902614519
"V148",-2.20797148093422,-0.301751860157362
"V149",-2.36389587482321,-0.471112716157696
"V150",-2.46190122774428,-0.590189344631207
"V151",-2.41001832181337,-0.498551083070668
"V152",-2.2986273824754,-0.497910002239481
"V153",-2.29594694098129,-0.355040096417009
"V154",-2.35760307109329,-0.415816665430081
"V155",-2.28279507295109,-0.412450643200594
"V156",-2.34439823138749,-0.426287987684364
"V157",-2.216193977002,-0.350402071721007
"V158",-2.20597729976693,-0.438230957645086
"V159",-2.26940296528756,-0.361933625724191
"V160",-2.13317056312503,-0.391722817615049
"V161",-2.02153426716878,-0.391019947156266
"V162",-2.11664752252227,-0.431201508172214
"V163",-2.02105134190991,-0.376718321693718
"V164",-2.11925413836871,-0.32232231672671
"V165",-2.20114201873469,-0.437498815229764
"V166",-2.20455326631257,-0.445392094343705
"V167",-2.16034892122205,-0.315017692935388
"V168",-2.22002627508137,-0.319368911191697
"V169",-2.15726735532429,-0.323346834329304
"V170",-2.12347808743071,-0.34588843298921
"V171",-2.17595142502422,-0.319818007522208
"V172",-2.1847927335158,-0.30462427295022
"V173",-2.19302564960887,-0.298466371375183
"V174",-2.25718247464964,-0.293800679584294
"V175",-2.18351144834421,-0.328653407524344
"V176",-2.18205748891247,-0.338287143181678
"V177",-1.93446469149021,-0.333632459239018
"V178",-2.03942522446327,-0.331513058922228
"V179",-2.00500045794783,-0.316415647766622
"V180",-1.96487082259066,-0.281742712107373
"V181",-2.13793317107185,-0.310549238946576
"V182",-2.11251330609626,-0.336403045145747
"V183",-2.10706873498703,-0.325773437230582
"V184",-2.16722042388929,-0.32880527096776
"V185",-1.95012049067773,-0.25934990526471
"V186",-2.06306941246812,-0.309626503361002
"V187",-2.11775762217269,-0.292303515170502
"V188",-2.11008357010948,-0.3054016431693
"V189",-2.08120583288533,-0.200648849553154
"V190",-2.05840238388545,-0.260353992962393
"V191",-2.02168404844398,-0.243449844187867
"V192",-2.12648921879815,-0.16851508436709
"V193",-1.68103558544446,-1.39110376220798
"V194",-1.73769548971262,-1.19440647343289
"V195",-1.71285951881223,-1.40021413122393
"V196",-1.61424808389258,-1.49889455981731
"V197",-1.76093154541547,-0.929537189743382
"V198",-1.83854390882501,-0.645884197245403
"V199",-1.73959482937279,-0.813075145476052
"V200",-1.64049683296631,-0.924029135370402
"V201",-1.61627593073226,-1.39603908587327
"V202",-1.68723991929197,-1.15262807311911
"V203",-1.62327179024498,-1.20766130719909
"V204",-1.62097760559741,-1.14710036182555
"V205",-1.5332266819532,-1.49316231640292
"V206",-1.54164058091393,-1.24001331138305
"V207",-1.52699506697614,-1.42638539263304
"V208",-1.44060577435178,-1.5404161269251
"V209",-1.92307978963399,-0.362927903153755
"V210",-1.97951074637563,-0.194612761631618
"V211",-1.92324973771745,-0.296073113697773
"V212",-1.75956665269502,-0.276365729747381
"V213",-2.00065907613591,-0.104603982441968
"V214",-2.09258811187242,-0.117898190290732
"V215",-2.27439484430589,-0.0797964640437405
"V216",-2.20224421040493,-0.00898624723120358
"V217",-1.76993334480839,-0.198350739422641
"V218",-2.02818760258615,-0.14330684050847
"V219",-1.90735463677232,-0.0518332281203276
"V220",-2.18341061304242,-0.00465114458152764
"V221",-1.59111447603139,-0.115204671100441
"V222",-1.78270878842169,0.0747058258154923
"V223",-1.37707823270288,0.0225049039673312
"V224",-0.643964360931326,0.0367241184634258
"V225",-1.38355436789843,-1.46807372800085
"V226",-1.47255766361467,-1.08742721967112
"V227",-1.39059422959187,-1.30260661454002
"V228",-1.26896765245985,-1.14708410458141
"V229",-1.58166251162773,-0.795522096685496
"V230",-1.76357886481858,-0.574312547113799
"V231",-1.64297987384241,-0.694085993270943
"V232",-1.62705378637378,-0.558899101886183
"V233",-1.27226344295624,-0.812663095934251
"V234",-1.48472811299898,-0.912474451388208
"V235",-1.38716483261006,-0.755190649802076
"V236",-1.48893361134452,-0.57735198930286
"V237",-1.09950191261962,-0.598090298490159
"V238",-1.41181938809764,-0.380584429300962
"V239",-1.17226805646386,-0.344555198537608
"V240",-0.849217167886895,-0.130256745085
"V241",-1.33470160117104,-1.61332772919555
"V242",-1.16772593932048,-1.32773262592432
"V243",-1.21907504611839,-1.57404697728203
"V244",-1.17845610767663,-1.77623846176152
"V245",-0.989598335426555,-0.655944809511347
"V246",-0.572124567834771,-0.0693049044952893
"V247",-0.673303420787284,-0.396987822096723
"V248",-0.541640093892556,-0.385988795066815
"V249",-1.0250298396069,-1.84612753849904
"V250",-0.984600494964194,-1.18393638904717
"V251",-0.965269241303305,-1.49750897725286
"V252",-0.691654831207482,-1.47459956038979
"V253",-0.994825525915504,-1.96714876420717
"V254",-0.62077816913236,-1.95738748586224
"V255",-0.772702355600789,-2.31631955392815
"V256",-0.733100253289872,-2.56595844677183
"V257",2.66423905989567,-2.74474061152561
"V258",2.21853055397321,-2.31992902727213
"V259",2.69397374981118,-2.36899110229733
"V260",-2.98522399769783,-1.39745304432758
"V261",2.04445483280015,-1.91465460686107
"V262",1.92848791188952,-1.32547476071617
"V263",2.13319713259805,-1.79334979766227
"V264",2.57141110137023,-1.28680618803046
"V265",-3.09677057458313,-1.45222512151316
"V266",2.32578515663195,-2.21879596386736
"V267",2.83660879947463,-1.37215670864051
"V268",2.80524356065525,-1.28394034394597
"V269",-2.77216039962726,-1.03445655539152
"V270",-3.13057053445852,-1.08519232003004
"V271",-2.83662089754689,-1.06194760213813
"V272",-2.69490222358455,-0.738032241829848
"V273",1.92074150723849,-1.20633388820596
"V274",1.89170393354983,-0.981366941759677
"V275",2.06205397166716,-1.2535409931817
"V276",2.42775657882848,-1.21568532943607
"V277",1.81905561901649,-0.783073463945907
"V278",1.65768646802451,-0.785390989463201
"V279",1.9564510653661,-0.791765832646789
"V280",2.27240432201752,-0.974952764236266
"V281",2.45739424122931,-1.18298990444336
"V282",2.00570616556695,-0.888466901670198
"V283",2.4350613800458,-1.08061123140745
"V284",2.5243059573548,-1.10449169647424
"V285",2.75236874806734,-1.17398217026263
"V286",2.7753803174329,-1.15841614482654
"V287",2.76731827076415,-1.23941439873868
"V288",2.88225035331303,-1.20302807323934
"V289",-2.81914456851376,-0.826047740522424
"V290",3.06885227271664,-1.12583301403435
"V291",-3.01584434253053,-0.923805292495794
"V292",-3.0439234059103,-1.01625204364121
"V293",2.56788607974387,-1.28100879534889
"V294",2.02086893236239,-1.34367369282949
"V295",2.44024328360272,-1.25906412217799
"V296",2.46610002374124,-1.35941359489971
"V297",3.06635839410764,-1.06664092032594
"V298",2.91854868834386,-1.12328042952917
"V299",2.79881177007589,-1.18921623227841
"V300",2.72482031334326,-1.1270972476912
"V301",3.03272291293622,-1.16407007544818
"V302",2.74144468156602,-1.24547992931421
"V303",2.885523663498,-1.15928311223195
"V304",2.85359715263204,-1.24973357389193
"V305",-2.71294973999448,-0.716610934508579
"V306",-2.87373816724267,-0.892554044097861
"V307",-2.74318292673234,-0.807403729016495
"V308",-2.62032659422636,-0.713833829451769
"V309",-3.07223887763948,-1.03892903119989
"V310",3.02835444991591,-1.15776660833155
"V311",-3.09363091379463,-1.09487675135595
"V312",-2.97761122091168,-0.992355145811897
"V313",-2.69366675347922,-0.776094684346298
"V314",-2.9137332132081,-0.967798463965834
"V315",-2.83497792886262,-0.861972149231506
"V316",-2.84055794663828,-0.882877452980953
"V317",-2.58082237618415,-0.680435627590157
"V318",-2.78540635817108,-0.795839554622034
"V319",-2.66922325739211,-0.725460201442956
"V320",-2.65287586673876,-0.684153868890504
"V321",1.62077246160133,-0.63587011983553
"V322",1.49489203189709,-0.428021114210699
"V323",1.95373520175969,-0.537678819192719
"V324",2.00170247191121,-0.657841465854001
"V325",1.1893960384013,-0.273951191946328
"V326",1.04401562814293,-0.0908851546526231
"V327",1.07251546314996,-0.132143207800597
"V328",0.949928018669358,-0.287875424768344
"V329",1.91306666789752,-0.534571933617953
"V330",1.41628216071534,-0.291922923109742
"V331",1.22784554478227,-0.455227352071434
"V332",1.11676174008646,-0.323376072696362
"V333",2.12612732924311,-0.622945656906237
"V334",0.581199262380197,-0.48270089122848
"V335",1.80176862149167,-0.510472203944665
"V336",2.89547294433434,-0.657181043442471
"V337",1.0610537931814,0.0260347110758942
"V338",1.14049254592352,0.123578061365041
"V339",1.14966073489136,0.118937917744007
"V340",0.955583975602774,-0.0212523565542405
"V341",1.07939869099277,0.233564477453225
"V342",0.842766626046221,0.3524742076133
"V343",0.904337855229244,0.326629249436019
"V344",0.723154138916072,0.223581698394166
"V345",0.861799840127505,0.0747545584248992
"V346",1.09286667795998,0.213470156278822
"V347",0.776844966041801,0.088334408583742
"V348",0.752245996566646,0.191615637300669
"V349",0.706451223649469,-0.0518655090674534
"V350",0.705664550561988,0.0908436887978002
"V351",0.573429134406664,0.0574404905054555
"V352",0.440972216571513,-0.109003635406724
"V353",-1.74721814075746,-0.544868766708443
"V354",0.737040220525092,-0.373887790536484
"V355",-0.358041841181765,-0.534885218283352
"V356",-0.788772695976989,-0.426200415842068
"V357",0.965123756546639,-0.193125771094274
"V358",1.10121318219848,-0.00246054556831149
"V359",0.98964735982614,-0.151169907021849
"V360",0.963125095428935,-0.0475684629577154
"V361",-0.248094489294496,-0.406860802483578
"V362",0.691876603114014,-0.341803944383261
"V363",0.52951094815279,-0.226260952242724
"V364",0.691215333293898,-0.164332021269573
"V365",-0.100702449774807,-0.312452505622287
"V366",0.447868396271622,-0.0876561734635911
"V367",0.414798608812458,-0.260888443116438
"V368",0.382256260547142,-0.157231107503701
"V369",-2.12580975087514,-0.721600572169759
"V370",-1.8805472714244,-0.590910475019578
"V371",-2.06780596078639,-0.600175861362419
"V372",-2.34898157838326,-0.745495710445415
"V373",-1.73277471760598,-0.474305640646152
"V374",-0.158654080461955,-0.289470047677187
"V375",-1.16605556297603,-0.345691321784087
"V376",-2.12166293262551,-0.512175968700509
"V377",-1.74724186121862,-0.574913867066462
"V378",-1.44159653063311,-0.47893033450142
"V379",-2.22532099253274,-0.615073066731202
"V380",-1.70940034036788,-0.51254083777867
"V381",-2.10713515862137,-0.74833103764376
"V382",-2.11879095318213,-0.703794009748141
"V383",-1.71998697997202,-0.673869625280572
"V384",-1.9290712807004,-0.862947747510869
"V385",-2.72558793876847,-0.717606847088074
"V386",-2.85951823298879,-0.830402447862008
"V387",-2.81843833430239,-0.807311732644086
"V388",-2.72912373774489,-0.791802564594046
"V389",-3.00924937076847,-0.973404867358695
"V390",3.03531876899859,-1.16289876789715
"V391",3.13302188036841,-1.0595722557821
"V392",-3.04964126939396,-1.02717772164108
"V393",-2.85151360809596,-0.888800332111893
"V394",-2.9473327362539,-0.921699866840008
"V395",-2.92565382936232,-0.914732588140539
"V396",-3.00790022432247,-0.978276262520745
"V397",-2.68366635935906,-0.853537473092238
"V398",-2.86852752152832,-0.960080763424053
"V399",-2.76596997714938,-0.939810722816238
"V400",-2.58701109716252,-0.896095019113463
"V401",3.04942633673943,-1.17571818920962
"V402",2.82842813010623,-1.10450561998994
"V403",3.0038537402517,-1.15010647069585
"V404",2.98834697765724,-1.07449658950488
"V405",2.39741835401615,-0.918965643930553
"V406",1.98501530436039,-0.727862173904941
"V407",2.15195367224489,-0.809701842140754
"V408",2.351095192556,-0.74734930899356
"V409",2.88284476482413,-1.01056017802429
"V410",2.69612275355152,-0.981441138400278
"V411",2.74148337655989,-0.865678223160465
"V412",2.49036462986642,-0.774370961901201
"V413",2.83607299401594,-0.893900597817989
"V414",2.63253318112586,-0.702079805186818
"V415",2.64006386194817,-0.804082572729829
"V416",2.93553547344197,-0.699377332758732
"V417",-2.69720445076025,-0.9330989887283
"V418",-2.89985641009223,-1.00314513176686
"V419",-2.83644310246405,-0.96252641243635
"V420",-2.82885475019581,-0.975983082801061
"V421",-3.13371727201272,-1.09316279992566
"V422",2.9530462143973,-1.19027319005028
"V423",3.00211996321925,-1.15599882726533
"V424",2.96641621466854,-1.15501090760955
"V425",-3.02514181068092,-1.0017309726505
"V426",-3.08476765474178,-1.03300173202792
"V427",3.12543154044939,-1.06998844095934
"V428",3.09745447230975,-1.0667541620911
"V429",-2.83700912863711,-0.957622798279276
"V430",3.03732270759437,-1.02878630128868
"V431",-2.9898651457556,-0.907594473054478
"V432",-2.84789546560761,-0.816948301418217
"V433",-2.41962873786822,-0.869274465776134
"V434",-2.44701500631753,-0.898318813254058
"V435",-2.42221405449743,-0.913424351426855
"V436",-1.93144158147949,-0.873716996489073
"V437",-2.56947450648292,-0.875406695167962
"V438",-2.57139310940265,-0.73214341333008
"V439",-2.54930101410295,-0.858414812311514
"V440",-2.16833358393295,-0.779502039623327
"V441",-2.11322845689837,-0.914707808150163
"V442",-2.38291044042024,-0.92172946782002
"V443",-1.95465727951474,-0.862925904486124
"V444",-2.17619960089246,-0.87033406444637
"V445",-1.7495735214561,-0.85537052860859
"V446",-1.75617622934124,-0.738807694008314
"V447",-1.92061162238146,-0.875422849820114
"V448",-1.75419344401727,-0.826457365679519
"V449",-2.66297033875355,-0.686051270664114
"V450",-2.63536998347248,-0.775289773073395
"V451",-2.53405969611855,-0.701039344353785
"V452",-2.48278180163925,-0.675635175477839
"V453",-2.62522338621969,-0.845278230339868
"V454",-2.52919218386802,-0.869557678147676
"V455",-2.39986110861421,-0.82770894735316
"V456",-2.38626226371287,-0.7993340005486
"V457",-2.3881869289191,-0.689328064993539
"V458",-2.50762340945518,-0.773241992128259
"V459",-2.46850002072862,-0.771465941255313
"V460",-2.25545974575809,-0.753391626499246
"V461",-2.34627185800367,-0.705041458992483
"V462",-2.21987312003589,-0.766450975681717
"V463",-2.15992264331756,-0.703179753175375
"V464",-2.14825242023957,-0.71487875362041
"V465",-2.24532311688842,-0.88010113261097
"V466",-1.89661129501462,-0.919711244192902
"V467",-1.77869739526876,-0.829537389221839
"V468",-1.78941374284145,-0.893497166222903
"V469",-1.89442364767612,-0.923961865206993
"V470",-1.89231433246923,-0.94484981156711
"V471",-1.68690026565887,-0.905288822087042
"V472",-1.73690928348443,-0.981476537809045
"V473",-1.63864639169298,-0.839071306617039
"V474",-1.66466732881246,-0.850723067497074
"V475",-1.76444324040772,-0.916121132463167
"V476",-1.64576394378964,-0.892529837807272
"V477",-1.64145190429667,-0.937676615553041
"V478",-1.70139859606755,-0.967475761228319
"V479",-1.59474213161327,-0.897881316111158
"V480",-1.56355962275244,-0.93115769753716
"V481",-1.93136540348265,-0.712408987805141
"V482",-1.89889932016311,-0.752483207574475
"V483",-1.96974064217145,-0.774881570254279
"V484",-1.65701040894897,-0.780800359141204
"V485",-2.02471393077361,-0.788709606536659
"V486",-2.22684432339336,-0.838717678055389
"V487",-2.15594054100541,-0.839849036935305
"V488",-1.85668678052301,-0.832487882812581
"V489",-1.77745200602594,-0.843211869414877
"V490",-2.04420977510607,-0.805852016133694
"V491",-1.78421128954107,-0.797716457254689
"V492",-1.87167077732549,-0.867315169778434
"V493",-1.58928393041463,-0.812891878369999
"V494",-1.65986582416796,-0.8459584324166
"V495",-1.62046439559123,-0.874210301645411
"V496",-1.49530108964825,-0.865977386669527
"V497",-1.94718597724304,-0.732496321547373
"V498",-1.73000759575349,-0.801393933814869
"V499",-1.66506681021644,-0.729460017267752
"V500",-1.65808908132732,-0.736975921000506
"V501",-1.53272006409906,-0.832305027055542
"V502",-1.4277197087916,-0.876328017634097
"V503",-1.41900039393638,-0.811640292965206
"V504",-1.35355202093188,-0.805910038545992
"V505",-1.48266065549171,-0.721778035498134
"V506",-1.49190060328263,-0.782221464010568
"V507",-1.44300732830569,-0.785305046111021
"V508",-1.38513055445078,-0.748574844018119
"V509",-1.44852145893369,-0.705400257615846
"V510",-1.28911028706957,-0.722324989132453
"V511",-1.35441028383959,-0.688894115986693
"V512",-1.25140557600646,-0.661746803349949
"V513",1.14729796113504,1.50763209709747
"V514",0.53434304586173,0.589055409573607
"V515",1.04240279826699,1.17172558057768
"V516",1.55145730477878,1.77935175155198
"V517",0.401624030004434,0.404013506139684
"V518",0.240222221565099,0.392600274049598
"V519",0.402372132328729,0.538770694070065
"V520",0.650311200347931,0.88710410468479
"V521",1.30544566576696,1.3360850838231
"V522",0.520412571689998,0.656191766371475
"V523",0.912037287486386,1.00466580970879
"V524",0.862978787361282,0.996554308350985
"V525",1.5903960183677,1.6961584128327
"V526",1.08893692000546,1.34300894385827
"V527",1.39504247194337,1.346656598348
"V528",1.62690795589061,1.99330950198293
"V529",0.125508049406708,0.374409936614034
"V530",0.0206873989075167,0.40319675635148
"V531",0.104291181753604,0.481343635402159
"V532",0.289873875869509,0.754787044643645
"V533",0.0764239130273742,0.397706506123249
"V534",0.0833133099470981,0.413066164772448
"V535",0.108750594661467,0.440815310981457
"V536",0.268003829848045,0.688161142623588
"V537",0.314907367638979,0.765588841854276
"V538",0.0506198589185292,0.467148665539844
"V539",0.199621311484499,0.715179715020578
"V540",0.233552637324635,0.737274686580819
"V541",0.495724203109962,1.04230886835541
"V542",0.365185947755994,0.979341107020147
"V543",0.493878947040208,0.992881998574149
"V544",0.675467869876535,1.23081328492148
"V545",1.48122745371968,1.55914865505047
"V546",0.970003040606451,1.22792003512492
"V547",1.18354417101132,1.60995725710026
"V548",1.06321916400089,1.36804874271666
"V549",0.601327577657855,0.914036645103935
"V550",0.252726330411374,0.484361360299012
"V551",0.434519998244425,0.812986336291148
"V552",0.450473510544197,0.830653068168505
"V553",0.909083620431204,1.43825445870232
"V554",0.799312273545494,1.24916567897944
"V555",0.750346223883207,1.18658002147873
"V556",0.600430481637713,1.12712541346799
"V557",0.821743871903406,1.29831843451943
"V558",0.583301794583415,1.07206863363235
"V559",0.735928446794624,1.34543245825362
"V560",0.725066860379106,1.15408467738402
"V561",1.6510135837255,2.25770581722585
"V562",1.29732430887016,1.75432190977996
"V563",1.49540462942658,1.22402152929581
"V564",1.66978643227179,-0.425472391248221
"V565",1.02039718829192,1.47679831258341
"V566",0.939548642690516,1.37386303307528
"V567",0.980250133495615,1.18191500784408
"V568",1.17515633741797,1.39578680440711
"V569",1.43937088256524,-0.101033132010393
"V570",1.05823957340941,1.16691425268517
"V571",1.3814826546729,1.37188117360124
"V572",1.21417825447854,0.724521129261416
"V573",1.71541413208432,-0.45901308375575
"V574",1.43993897304396,0.510784505020364
"V575",1.47432533935311,-0.448003804552043
"V576",1.73391394373852,-0.630811252459249
"V577",0.0850200988330247,0.42207955263279
"V578",0.0702249457663886,0.483197613859822
"V579",0.055230260828218,0.428994165455544
"V580",0.191646965414978,0.691674160344431
"V581",0.168233233953642,0.520466036724497
"V582",0.224624406758516,0.593540839231601
"V583",0.207163365036035,0.479717111083325
"V584",0.293898412503109,0.729103229411906
"V585",0.22758221932487,0.626286476736128
"V586",0.150727009107915,0.461585218712283
"V587",0.226001008191242,0.722365307642858
"V588",0.300735629171288,0.640098515542187
"V589",0.363500826325442,0.89421471106428
"V590",0.406389876402441,0.872031599697248
"V591",0.447671186290208,0.803565576870867
"V592",0.554735503195897,1.07881356617737
"V593",0.263722193076823,0.645909238896673
"V594",0.296563073410205,0.750332672065613
"V595",0.250925101778922,0.581854087258666
"V596",0.387213344951342,0.811923453836227
"V597",0.375913749890831,0.877331476805477
"V598",0.594582811373408,1.09294023984202
"V599",0.453658006277773,0.777992057839045
"V600",0.706913138449767,1.13357783181557
"V601",0.420722841524704,0.654736051130789
"V602",0.314020111017819,0.656676170943516
"V603",0.486407421058175,0.894906670030074
"V604",0.547499476712382,0.752182518698339
"V605",0.617041948475649,0.919788197372265
"V606",0.780507530276974,1.10533205948635
"V607",0.687869683331666,0.781125672052768
"V608",0.962429001457833,1.0985388459839
"V609",0.587990284838622,0.91791516343705
"V610",0.44450148055474,0.739510446638094
"V611",0.57587820546286,0.989886394076728
"V612",0.63596173945716,0.831833151902618
"V613",0.324967387329301,0.638456848625878
"V614",0.242416507812718,0.523530375558987
"V615",0.34035157990099,0.749387479197279
"V616",0.349925263275789,0.630371487558984
"V617",0.664730560436701,0.948558432765698
"V618",0.438875115652084,0.843292859719105
"V619",0.465657066992811,0.699141202134149
"V620",0.500103967448183,0.890989580682109
"V621",0.750583132728089,0.789146195522183
"V622",0.542367589070359,0.710289994981369
"V623",0.780942534505771,0.948360295319145
"V624",0.896208578107312,0.782973626094373
"V625",0.783955932936216,1.21154900317493
"V626",0.875280579550482,1.09543927436599
"V627",0.883648855585589,1.02299389248736
"V628",1.04515271191094,1.24792780857701
"V629",0.982879926652146,0.967397926617193
"V630",1.13166604270514,0.944320156306477
"V631",1.07276454875289,0.722487294336649
"V632",1.25153712950769,0.990449060637377
"V633",1.10225321004516,0.986705021180521
"V634",0.978202954830196,0.866228602985551
"V635",1.09744422979216,1.08199347768355
"V636",1.16604570419199,0.844362636562859
"V637",1.28558857402532,1.15420750480627
"V638",1.3917188635001,1.02628989618145
"V639",1.36720624800949,0.957768720152191
"V640",1.52748886260335,1.09436170116864
"V641",1.50185322161314,-0.460333085328939
"V642",1.26936428652378,-0.00636915335568233
"V643",1.50725933305565,-0.045779785136719
"V644",1.34312549414964,0.00698781134805238
"V645",1.0838182499341,0.925727765573653
"V646",0.883088964504062,1.11083808843377
"V647",1.06167799740396,1.43593382514781
"V648",0.987463119780757,1.14324375925183
"V649",1.35830019882291,0.853947823932032
"V650",1.26277057301793,1.30662948056822
"V651",1.18287822119026,0.691794623385953
"V652",1.14537851729618,1.44673604848323
"V653",1.27146905786691,0.558834558686198
"V654",1.05022213241075,1.02099438589593
"V655",1.26562130025124,1.23958757580936
"V656",1.27393762492064,0.898089427930126
"V657",0.654352954920287,1.10705912035312
"V658",0.352201903199216,0.955924722756917
"V659",0.57961312649657,1.23204789754056
"V660",0.634698388813968,1.12950682731025
"V661",0.247818969043452,0.671371423530947
"V662",0.0675556976603586,0.396040262195369
"V663",0.247623564813636,0.64961432336367
"V664",0.163763244057066,0.622173892579874
"V665",0.603303388581301,1.1449093239252
"V666",0.367187658880726,0.916390841483209
"V667",0.372045648687515,0.843071955849163
"V668",0.399674953483473,0.876642509089483
"V669",0.617013811034083,1.05630041623965
"V670",0.407085450562308,0.806760580208218
"V671",0.613456957012555,1.11420239021199
"V672",0.599440524986785,0.99478184899272
"V673",1.25402589467769,1.419198706608
"V674",1.06977023346339,1.54342871910293
"V675",1.00794970300508,1.20441103590136
"V676",1.10751817015072,1.54416477457815
"V677",0.978005409101311,1.50218105397837
"V678",0.882649046297578,1.37568926839189
"V679",0.819260725349288,1.21971255222793
"V680",0.790585944958681,1.41355832703431
"V681",0.911368196248549,1.26125944312619
"V682",0.923494310689148,1.20545757221105
"V683",0.927732557110734,1.47489756326593
"V684",0.787893769589898,1.19554197086396
"V685",0.93441688637602,1.49385813642216
"V686",0.780778322284704,1.3698167392573
"V687",0.76570918644086,1.18839207423001
"V688",0.751819716914188,1.25539024706186
"V689",1.29256682379658,1.06912481040501
"V690",1.13986245586839,1.27586861562472
"V691",1.31454902890631,1.38302037338251
"V692",1.32552864964534,1.11293991472069
"V693",1.00438968410929,1.26968041297609
"V694",0.805861505178834,1.1291121047339
"V695",0.999305297868938,1.39140861288975
"V696",1.05863238078287,1.2099215775159
"V697",1.37984489116735,1.30466126179484
"V698",1.18217158149541,1.48350888753262
"V699",1.19806501029223,1.27651373415089
"V700",1.224706322064,1.32079440960345
"V701",1.4778943668615,1.0756873822486
"V702",1.25371979018057,1.04946699006467
"V703",1.48198703521332,1.178336289979
"V704",1.54596323480933,1.01185135271584
"V705",1.55878550359317,-0.353543328382113
"V706",1.42449887113556,0.073026523847088
"V707",1.39608427995609,-0.306897457093648
"V708",1.48795808242565,-0.127986303208748
"V709",1.39732385467525,0.53401553236959
"V710",1.39706935708949,0.89535322781097
"V711",1.36130075531463,0.31691839617323
"V712",1.43987056408798,0.377629781447715
"V713",1.33427582884421,-0.132126876184677
"V714",1.37013638912849,0.00661715566022616
"V715",1.42623521713486,0.122019785036372
"V716",1.34063884076436,0.082285992790989
"V717",1.32497177535262,-0.0313828454145802
"V718",1.39736422282172,0.152244089197719
"V719",1.22051725561961,-0.014601542283399
"V720",1.12972478750051,0.0839908756355195
"V721",1.38964817051644,1.07439698982409
"V722",1.48789148623862,1.1050053612014
"V723",1.43757425157162,0.91354891560498
"V724",1.52957976329919,0.858817915891468
"V725",1.61040708150188,1.13430028192902
"V726",1.676970882667,1.08708151786571
"V727",1.6805737565874,1.05020103161285
"V728",1.79170255615986,1.03363561903429
"V729",1.59365174224209,0.772057173619241
"V730",1.55844557956161,0.944942620743879
"V731",1.6690470035263,0.960411634522956
"V732",1.74698459104608,0.904073842950542
"V733",1.68987879806044,0.836065445854066
"V734",1.82551332822727,0.972358410172102
"V735",1.74774289660876,0.803490889536436
"V736",1.7857083994396,0.896734165417408
"V737",1.22025908026547,0.112208151764306
"V738",1.35443405621121,0.156572217395246
"V739",1.4103692675799,0.287461815826435
"V740",1.38275162449289,0.284068640426221
"V741",1.43472023221358,0.282091436687342
"V742",1.40977439109124,0.662222601556734
"V743",1.47745787726543,0.657947091594681
"V744",1.47654877744608,0.568554780279012
"V745",1.55024032296609,0.493326623055058
"V746",1.4892362869946,0.391544855056324
"V747",1.48274507226801,0.39465463156262
"V748",1.57590137346745,0.659803421136227
"V749",1.48084830455228,0.500436675862218
"V750",1.59738556968116,0.615162745395765
"V751",1.67219421631781,0.708120981069077
"V752",1.65603995816216,0.737691879419257
"V753",1.18190171852563,0.176799618989571
"V754",1.43690269962127,0.344165617860805
"V755",1.2727033936792,0.178468513835866
"V756",1.24103599548732,0.246598011376753
"V757",1.54028140830062,0.568673326091569
"V758",1.64762110644714,0.785102805184386
"V759",1.55252324559041,0.607345740737137
"V760",1.56642578190501,0.646000453652779
"V761",1.29881083575014,0.295188068759511
"V762",1.45383855189015,0.373818387103281
"V763",1.41439342852018,0.437752142940485
"V764",1.42669275768223,0.491275463238701
"V765",1.20801876625671,0.356314185253049
"V766",1.38364549012237,0.543070693277538
"V767",1.23550702021836,0.419275605448613
"V768",1.23418590442409,0.459664990471442
"V769",-0.194871153877796,-0.188000377466717
"V770",-0.779272358999758,-0.781574136204824
"V771",-0.346496419527887,-0.325078984213129
"V772",0.0396314330622002,0.0671124929430312
"V773",-0.989835766671489,-1.01607378914522
"V774",-1.06931012472619,-1.1049161798102
"V775",-0.935484420145676,-0.987178768299564
"V776",-0.747605340436622,-0.727391972126865
"V777",-0.135554207732496,-0.120090006032227
"V778",-0.735946258225572,-0.811718588160577
"V779",-0.52807203625543,-0.482483704336714
"V780",-0.538772483353923,-0.550779543288174
"V781",0.0405317125495729,0.0751753007976668
"V782",-0.350934178631375,-0.2898501834457
"V783",-0.041244459144366,-0.103147612928572
"V784",-0.0198571238028022,0.0982248508654022
"V785",-1.07814424795781,-1.16009632660259
"V786",-1.11887736201111,-1.22292529831443
"V787",-1.04001641121877,-1.13674106961306
"V788",-1.01179106636788,-0.949601656070613
"V789",-1.19291888623944,-1.28637727059575
"V790",-1.21997279026124,-1.32913305427458
"V791",-1.22090577782255,-1.24253311078026
"V792",-1.13755063903195,-1.0345386324662
"V793",-0.978689477685878,-0.933055600250952
"V794",-1.09422798597638,-1.19355917855899
"V795",-1.0733931528439,-1.00505668828517
"V796",-1.04763584308557,-0.959353113781517
"V797",-0.90704334756597,-0.741313990938123
"V798",-1.00394160826904,-0.787986802759663
"V799",-0.884628302028132,-0.690495229150833
"V800",-0.830690498536258,-0.591285654818354
"V801",-0.0586180848787946,-0.0300313409931617
"V802",-0.423151923669172,-0.378444569843703
"V803",-0.301096900134174,-0.180398841915574
"V804",-0.385419150015597,-0.271950074650721
"V805",-0.747143269971621,-0.763352608566335
"V806",-0.991339491600791,-1.08789732975559
"V807",-0.883350310779673,-0.864892323944263
"V808",-0.861493567923807,-0.882999074244922
"V809",-0.553286827463338,-0.386939235225881
"V810",-0.616864792953998,-0.517708550948123
"V811",-0.645578866510308,-0.5864874929184
"V812",-0.770133845037004,-0.6758506046872
"V813",-0.573791379133319,-0.427323991902648
"V814",-0.762029438933873,-0.687854427260201
"V815",-0.698090428202413,-0.513392407862085
"V816",-0.689228355323349,-0.505027130585113
"V817",-0.0869187150900361,0.136612638966671
"V818",-0.322561719286503,-0.0877916450261704
"V819",-0.124959210266378,0.0702815653254436
"V820",-0.140260887107696,0.203483378067181
"V821",-0.50570549372147,-0.267855946476315
"V822",-0.639922014381973,-0.389352996900758
"V823",-0.512087825925562,-0.292786929784047
"V824",-0.464955084035946,-0.165696962794668
"V825",-0.172790607076267,0.127310913742859
"V826",-0.370501465347974,-0.149969208896012
"V827",-0.322598088867022,-0.00846855183907044
"V828",-0.3459750291774,-0.058851510867143
"V829",-0.139565159454883,0.224706292607997
"V830",-0.294988855702776,0.0524232464959693
"V831",-0.121476912661545,0.168856152126107
"V832",-0.105339591657475,0.228877151575514
"V833",-1.21552263341575,-1.36403179245537
"V834",-1.20709569535273,-1.40215471183413
"V835",-1.18329652374826,-1.30578297548087
"V836",-1.15634676225855,-1.12423249612716
"V837",-1.22577967328754,-1.41549743784421
"V838",-1.25105580277687,-1.40219165531742
"V839",-1.1937457748857,-1.30790182917657
"V840",-1.17826914810887,-1.14296064156454
"V841",-1.12192295304503,-1.07198235435765
"V842",-1.1844467532176,-1.30565357563536
"V843",-1.14814823850887,-1.13047853491282
"V844",-1.12988552733882,-1.08278714474547
"V845",-1.10260363419517,-0.934003528807391
"V846",-1.09333398886285,-0.95998680717654
"V847",-1.06356348868883,-0.880813069156064
"V848",-1.03075109809324,-0.745241978381734
"V849",-1.30172974011966,-1.42828176544791
"V850",-1.34880482862888,-1.47246218629611
"V851",-1.29414278472098,-1.38535357838317
"V852",-1.25948009178506,-1.17609389953568
"V853",-1.37614705668227,-1.49410293030281
"V854",-1.42137558390283,-1.482623864775
"V855",-1.37654231571853,-1.35755923192366
"V856",-1.27249895193767,-1.07890784125521
"V857",-1.22236980315322,-1.03729761933744
"V858",-1.31703864234448,-1.39990163316731
"V859",-1.27974124398256,-1.14507623484707
"V860",-1.26521176371664,-0.894971895111021
"V861",-1.14288499139036,-0.869176794976906
"V862",-1.13495432187696,-0.746131687575623
"V863",-1.06111579719026,-0.668018910969217
"V864",-0.983648021750797,-0.54160527447687
"V865",-0.99690940086366,-0.668609411204089
"V866",-1.08288943779623,-0.897585587763569
"V867",-1.03564866801411,-0.760678317787907
"V868",-1.02333717575416,-0.628007394676282
"V869",-1.15227519991858,-1.10678253973481
"V870",-1.21386094423866,-1.33616984201635
"V871",-1.22093567225388,-1.16788455454925
"V872",-1.18974192175595,-1.10160478189946
"V873",-1.07617627920694,-0.728303262111595
"V874",-1.15346125716203,-0.974740387957821
"V875",-1.11407923009223,-0.836098446295239
"V876",-1.1686014687418,-0.909971975427306
"V877",-1.009909853629,-0.559570078324632
"V878",-1.12090609325666,-0.769944759821333
"V879",-1.04026577054961,-0.625407279776642
"V880",-0.958930133362349,-0.471362564416294
"V881",-0.928737642160955,-0.570450021714792
"V882",-0.936430074010625,-0.49387804372577
"V883",-0.897145383217198,-0.4298567596401
"V884",-0.806238430748167,-0.32612825957634
"V885",-0.932833002093965,-0.453365262848292
"V886",-0.86774894334824,-0.380818795383045
"V887",-0.825302153965339,-0.297059010248773
"V888",-0.731366755636243,-0.203336535568073
"V889",-0.713851846413738,-0.201235727568154
"V890",-0.876187540506467,-0.362469317339
"V891",-0.77782939720395,-0.287746694758843
"V892",-0.686734069864064,-0.142272148040171
"V893",-0.648134324698752,-0.125879050501239
"V894",-0.619701982885094,-0.0645022232585728
"V895",-0.567026846515717,0.00382705138980403
"V896",-0.518765132410645,0.0814283058053763
"V897",-0.0715701279703639,0.22524417097458
"V898",-0.310384950843643,0.0456140456042044
"V899",-0.254630647890313,0.0840086753413221
"V900",-0.243352866639125,0.143777253058077
"V901",-0.471672994482593,-0.135273216703636
"V902",-0.642044240529193,-0.352239503334943
"V903",-0.583829625056128,-0.265719666791264
"V904",-0.57404809122591,-0.210259728498731
"V905",-0.358789072448125,0.00452869024122102
"V906",-0.423137594640674,-0.0677193276857724
"V907",-0.418268590277539,-0.0287780798714015
"V908",-0.520108606993078,-0.146927829285352
"V909",-0.340200557136756,0.0838086445932845
"V910",-0.500064316017791,-0.0643512003965434
"V911",-0.442290771360936,-0.0121252884033858
"V912",-0.407328505587687,0.0714197362623708
"V913",-0.830272123368984,-0.563701891966874
"V914",-1.0089002357603,-0.74985025982898
"V915",-0.919219715056484,-0.645279430940374
"V916",-0.927375580572203,-0.58663451341055
"V917",-1.14576442790113,-0.992650889121255
"V918",-1.21034016212776,-1.27258145130355
"V919",-1.14119799756142,-1.09240439455837
"V920",-1.13531644121097,-1.05370952999436
"V921",-1.00482027384532,-0.677716758639892
"V922",-1.06328661310305,-0.839703762084148
"V923",-1.06510278645395,-0.787855033887134
"V924",-1.10462463905642,-0.903293632184056
"V925",-0.983488912035318,-0.618130781463564
"V926",-1.07731417864534,-0.834235208397562
"V927",-1.02631799903165,-0.707598387767117
"V928",-0.985878015370543,-0.65867686538378
"V929",-0.528147409110146,-0.03409728418509
"V930",-0.620515565116155,-0.186926491245106
"V931",-0.586346109598082,-0.0918062804285935
"V932",-0.633987910376904,-0.200460785112437
"V933",-0.693350996932263,-0.345018538492636
"V934",-0.759578498755782,-0.463565478037931
"V935",-0.753389793140202,-0.419695011884071
"V936",-0.867812901843073,-0.509585332230187
"V937",-0.693022712848784,-0.279052733989934
"V938",-0.693309582134924,-0.264357743099936
"V939",-0.76917225401465,-0.373162770570501
"V940",-0.822424089011556,-0.464193893509008
"V941",-0.765164232628246,-0.37555495533939
"V942",-0.910312183376963,-0.551868249702976
"V943",-0.829286183225383,-0.48162242901392
"V944",-0.907360746630127,-0.576649303947273
"V945",-0.491293681702152,0.0776510307395654
"V946",-0.599193269985843,-0.0983943140211367
"V947",-0.550662886112812,-0.0137026105562826
"V948",-0.513272982456033,0.0820096726188206
"V949",-0.741726854202338,-0.291349839679776
"V950",-0.862370648257753,-0.489979720054491
"V951",-0.814223962824737,-0.377746956533756
"V952",-0.747256426339493,-0.259121776559877
"V953",-0.539402908346561,-0.00778510586217655
"V954",-0.669777593907701,-0.196018808389932
"V955",-0.631506747558457,-0.0739394013375014
"V956",-0.652638499054982,-0.153033850557859
"V957",-0.484466527239554,0.10037136209716
"V958",-0.595857259126459,-0.0477090096927607
"V959",-0.533397080411791,0.0256998636625123
"V960",-0.476542623885945,0.155170163164011
"V961",-0.075022333821943,0.248220392061535
"V962",-0.202312075248336,0.144024793869912
"V963",-0.0592619291700026,0.29457555705496
"V964",-0.0415730645900449,0.285837322601544
"V965",-0.31387051627283,0.0924733821470739
"V966",-0.344857399525599,0.106274711900424
"V967",-0.275707606853281,0.17855580437566
"V968",-0.21520236602586,0.180190569405101
"V969",0.0116597680803571,0.34854407648228
"V970",-0.191417167397585,0.198070438695417
"V971",-0.145675449477637,0.19642519394924
"V972",-0.0859807798730991,0.28322319240316
"V973",0.028020730398411,0.32385165576408
"V974",-0.0605188256748506,0.265663516502219
"V975",0.0857604564386906,0.421311711338077
"V976",0.116824951015881,0.38711782688758
"V977",-0.40466606325566,0.104210622268267
"V978",-0.438805304299277,0.11785831511107
"V979",-0.397292431601719,0.193096856897321
"V980",-0.352122994993024,0.208957991910766
"V981",-0.42535897357912,0.134667654406975
"V982",-0.418993740796952,0.182056780453124
"V983",-0.377202998510855,0.235691160781772
"V984",-0.30597744904775,0.273945166435188
"V985",-0.281505715649916,0.320070121805142
"V986",-0.392659264960553,0.200936617507562
"V987",-0.330829381958411,0.230120471253841
"V988",-0.275174570877009,0.344011457541084
"V989",-0.281607060684574,0.31635392861262
"V990",-0.255057306713288,0.360253662568897
"V991",-0.2045717215229,0.436283370833768
"V992",-0.207879494044644,0.417769449545104
"V993",0.149556769820116,0.507986511721244
"V994",-0.0371899189499996,0.399420829012635
"V995",0.0134356994948889,0.345763533573098
"V996",0.0711704410299244,0.498349101853635
"V997",-0.184099595226542,0.289572435390771
"V998",-0.364228915496468,0.187521233296254
"V999",-0.290340229721757,0.202060945510051
"V1000",-0.254840186274337,0.29242594340175
"V1001",-0.116357695873319,0.373869268805872
"V1002",-0.142134707908098,0.277722100236858
"V1003",-0.133515335375149,0.402779212310987
"V1004",-0.221244840297842,0.298795143148563
"V1005",-0.0643536838601735,0.483405292603404
"V1006",-0.218165573957723,0.404455456227794
"V1007",-0.181810491124081,0.380865233582416
"V1008",-0.0947895008102697,0.504702343165556
"V1009",0.161930653402392,0.451966517558561
"V1010",0.081404502235918,0.441158727059586
"V1011",0.191080304737305,0.606606264501333
"V1012",0.210114909804832,0.545274303243584
"V1013",-0.0463223442297414,0.456804425919024
"V1014",-0.066916636912378,0.474369674199739
"V1015",0.0217913844148473,0.58654871922695
"V1016",0.0301367527566162,0.573650703417931
"V1017",0.258012526306001,0.724010348099427
"V1018",0.115134481639487,0.593343606873288
"V1019",0.112700224547987,0.54262681717234
"V1020",0.199078130962192,0.732014071906554
"V1021",0.21621917483608,0.644951311725055
"V1022",0.195520917789917,0.669744868106671
"V1023",0.331816514751919,0.845242541542147
"V1024",0.390675704623129,0.816047392836208
"V1025",-1.3247135384507,-1.16573346788816
"V1026",-1.82837865096938,-1.43774344556739
"V1027",-1.44134444070342,-1.26404022080247
"V1028",-1.19190178919305,-1.21259592431861
"V1029",-1.8185925151066,-1.50775788585175
"V1030",-1.85954395446046,-1.5362061250428
"V1031",-1.81548788023377,-1.54930532363634
"V1032",-1.77815070697549,-1.6561014837819
"V1033",-1.297497675404,-1.29426256755321
"V1034",-1.78319083998217,-1.49147862927242
"V1035",-1.618563477829,-1.54132652478921
"V1036",-1.53849734933244,-1.52024706354473
"V1037",-1.22767826202823,-1.32129444291422
"V1038",-1.45967899886477,-1.53847062185062
"V1039",-1.27645830674624,-1.35539093652441
"V1040",-1.19989226339962,-1.35753689428594
"V1041",-1.89678257943959,-1.56264990002695
"V1042",-1.8817673696049,-1.71406753278255
"V1043",-1.82957927812679,-1.63828984466849
"V1044",-1.86456548217056,-1.85133770736779
"V1045",-1.85949351447743,-1.7376113633717
"V1046",-1.75771997788536,-1.73458342565018
"V1047",-1.75751124330031,-1.71124930680633
"V1048",-1.79304358555465,-2.01749565724129
"V1049",-1.79141870459152,-1.92186759603973
"V1050",-1.80655040981705,-1.74510187482675
"V1051",-1.83124949663902,-1.91970779093065
"V1052",-1.76642884429527,-1.92096104600582
"V1053",-1.82361983086799,-1.9876633538986
"V1054",-1.81126614260472,-2.06803048289075
"V1055",-1.77202187892792,-2.05508814797172
"V1056",-1.77247382339067,-2.12694950696365
"V1057",-1.23430710423608,-1.35920146911764
"V1058",-1.44702435263867,-1.54767195803828
"V1059",-1.41335571186652,-1.57886780548938
"V1060",-1.42301477175567,-1.61079149900552
"V1061",-1.73117558006053,-1.66523375227562
"V1062",-1.81073360341884,-1.5706969892521
"V1063",-1.84291525630236,-1.75578310411099
"V1064",-1.79458453043783,-1.78572831260147
"V1065",-1.58969732439943,-1.75889585331381
"V1066",-1.63117313426434,-1.70668108204939
"V1067",-1.67442329193314,-1.73165795152262
"V1068",-1.7715715276767,-1.88429656888429
"V1069",-1.57009668297148,-1.81015200154935
"V1070",-1.76345474624263,-1.90950184124988
"V1071",-1.7251735939731,-1.94516581266492
"V1072",-1.70250924165545,-2.04765404757395
"V1073",-1.17049385370192,-1.36911572030448
"V1074",-1.36350084274029,-1.62054866990349
"V1075",-1.21474688427834,-1.42355409475326
"V1076",-1.2072532885716,-1.41580837734941
"V1077",-1.53105584823941,-1.84119808508851
"V1078",-1.61721229017559,-2.11021424826887
"V1079",-1.5359796939519,-1.95747718757867
"V1080",-1.50151127018707,-1.95625841981379
"V1081",-1.24850162282588,-1.49561538382343
"V1082",-1.4047597140266,-1.68518394700135
"V1083",-1.37285403127152,-1.68956651344287
"V1084",-1.38934980931792,-1.76390713419758
"V1085",-1.26860767580641,-1.46271165240277
"V1086",-1.38987672888921,-1.71241509150895
"V1087",-1.30959402680791,-1.53154817915986
"V1088",-1.34264477268536,-1.49743516845514
"V1089",-1.67148746118942,-1.80946959147325
"V1090",-1.62199761513063,-1.79782759968733
"V1091",-1.59729715824145,-1.81099138464927
"V1092",-1.65500614266583,-2.14190059161442
"V1093",-1.56459607399263,-1.78209279136477
"V1094",-1.46694997508654,-1.84827136966286
"V1095",-1.49201290767933,-1.88488534182771
"V1096",-1.57103103833991,-2.17098246683307
"V1097",-1.5990808701034,-2.19816866878657
"V1098",-1.54981817936293,-1.84566220701528
"V1099",-1.63053090843821,-2.18085823661271
"V1100",-1.55876273198354,-2.2431700055327
"V1101",-1.65335272726094,-2.42979708110551
"V1102",-1.66248069662676,-2.44843177188449
"V1103",-1.64326453327139,-2.4434844226128
"V1104",-1.72090296807057,-2.56445480282624
"V1105",-1.36111012624662,-1.90097130098437
"V1106",-1.29962108134047,-2.07805420653867
"V1107",-1.30858773960962,-1.99251862924799
"V1108",-1.37219099297933,-2.39148143607296
"V1109",-1.12053516831463,-2.35453556995254
"V1110",-0.807994996232907,-2.84902377953767
"V1111",-0.988183518310923,-2.51358909612511
"V1112",-1.1352734063231,-2.797302432987
"V1113",-1.30787025743833,-2.4302629195453
"V1114",-1.23670378885428,-2.16139664366792
"V1115",-1.26145572101431,-2.5607560874389
"V1116",-1.17730726953971,-2.64344953438571
